{
    "presets": [
        {
            "name": "DMP - Enable All Artwork",
            "section": false,
            "url": "https://raw.githubusercontent.com/danparkr/repository.dwizard/master/presets/artwork_preset.xml",
            "icon": "",
            "fanart": "",
            "description": "This preset adds all of the available arttypes, to be used with library scrapers which collect their own artwork. Only has any effect on Kodi 18+."
        },
        {
            "name": "DMP - Cache & Network Presets",
            "section": true,
            "url": "https://raw.githubusercontent.com/danparkr/repository.dwizard/master/presets/cache_presets.json",
            "icon": "",
            "fanart": "",
            "description": "All presets related to caching, network, and buffering."
        }
    ]
}