<?xml version="1.0" encoding="UTF-8" standalone="yes"?>
<addon id="repository.dwizard" name="[COLOR limegreen][B]D[/B][/COLOR]Wizard Repository" version="1.0" provider-name="danparkr">
    <extension point="xbmc.addon.repository" name="[COLOR limegreen][B]D[/B][/COLOR]Wizard Repository">
        <dir minversion="18.9.0">
            <info compressed="false">https://raw.githubusercontent.com/danparkr/repository.dwizard/main/omega/zips/addons.xml</info>
            <checksum>https://raw.githubusercontent.com/danparkr/repository.dwizard/main/omega/zips/addons.xml.md5</checksum>
            <datadir zip="true">https://raw.githubusercontent.com/danparkr/repository.dwizard/main/omega/zips/</datadir>
        </dir>
    </extension>
    
    <extension point="xbmc.addon.metadata">
        <summary>[COLOR limegreen][B]D[/B][/COLOR]Wizard</summary>
        <description>The official home of [COLOR limegreen][B]D[/B][/COLOR]Wizard.</description>
        <disclaimer></disclaimer>
        <platform>all</platform>
        <assets>
            <icon>icon.png</icon>
            <fanart>fanart.jpg</fanart>
        </assets>
        <source>https://www.github.com/a4k-openproject/repository.dwizard/</source>
    </extension>
</addon>